{
    "start_lat": 50.56998701221946,
    "end_lat": 51.04043242893991,
    "start_lon": -1.7017951149500448,
    "end_lon": -1.0089663840320782,
    "scale": 10,
    "pixels": 512,
    "overlap_pixels": 0
}