{
    "start_lat": 50.866471756625,
    "end_lat": 50.906051451174534,
    "start_lon": -1.3442685496453635,
    "end_lon": -1.2864166359614728,
    "scale": 10,
    "pixels": 512,
    "overlap_pixels": 0
}