{
    "start_lat":  50.77458080962231,
    "end_lat":  50.853572649375906,
    "start_lon":  -1.1123828564054747,
    "end_lon":  -1.0096558491562462,
    "scale": 10,
    "pixels": 512,
    "overlap_pixels": 64
}