{
    "start_lat": 50.41390350853965,
    "end_lat": 52.757681393202944,
    "start_lon": -3.3077654892968837,
    "end_lon": 1.486616937835123,
    "scale": 10,
    "pixels": 512,
    "overlap_pixels": 0
}